mysql> select * from join_orders;
+------+----------------------------+-------------+--------+
| OID  | DATE                       | customer_ID | Amount |
+------+----------------------------+-------------+--------+
|  102 | 2009-10-08 00:00:00.000000 |           3 |   3000 |
|  100 | 2009-10-08 00:00:00.000000 |           3 |   1500 |
|  101 | 2009-10-08 00:00:00.000000 |           2 |   1560 |
|  103 | 2008-05-20 00:00:00.000000 |           4 |   2060 |
+------+----------------------------+-------------+--------+
4 rows in set (0.02 sec)

mysql> select * from join_orders group by customer_ID;
+------+----------------------------+-------------+--------+
| OID  | DATE                       | customer_ID | Amount |
+------+----------------------------+-------------+--------+
|  101 | 2009-10-08 00:00:00.000000 |           2 |   1560 |
|  102 | 2009-10-08 00:00:00.000000 |           3 |   3000 |
|  103 | 2008-05-20 00:00:00.000000 |           4 |   2060 |
+------+----------------------------+-------------+--------+
3 rows in set (0.04 sec)

mysql> select *,count(*) from join_orders group by customer_ID;
+------+----------------------------+-------------+--------+----------+
| OID  | DATE                       | customer_ID | Amount | count(*) |
+------+----------------------------+-------------+--------+----------+
|  101 | 2009-10-08 00:00:00.000000 |           2 |   1560 |        1 |
|  102 | 2009-10-08 00:00:00.000000 |           3 |   3000 |        2 |
|  103 | 2008-05-20 00:00:00.000000 |           4 |   2060 |        1 |
+------+----------------------------+-------------+--------+----------+
3 rows in set (0.04 sec)

mysql> select *,count(*) from join_orders group by OID;
+------+----------------------------+-------------+--------+----------+
| OID  | DATE                       | customer_ID | Amount | count(*) |
+------+----------------------------+-------------+--------+----------+
|  100 | 2009-10-08 00:00:00.000000 |           3 |   1500 |        1 |
|  101 | 2009-10-08 00:00:00.000000 |           2 |   1560 |        1 |
|  102 | 2009-10-08 00:00:00.000000 |           3 |   3000 |        1 |
|  103 | 2008-05-20 00:00:00.000000 |           4 |   2060 |        1 |
+------+----------------------------+-------------+--------+----------+
4 rows in set (0.00 sec)