mysql> select database();
+------------+
| database() |
+------------+
| sakila     |
+------------+
1 row in set (0.00 sec)


mysql> select database();
+------------+
| database() |
+------------+
| kapil      |
+------------+
1 row in set (0.00 sec)